id,title,body,created_at,updated_at,image
1,Hello Rails,I am on Rails!,2024-11-21 03:33:53 UTC,2024-11-25 09:42:34 UTC,
4,Surya Panda,Best Friend,2024-11-21 08:17:03 UTC,2024-11-24 08:26:26 UTC,
5,Susan Khadgi,Best Friend,2024-11-21 08:26:22 UTC,2024-11-24 05:08:52 UTC,
12,Rojina,"The most beautiful girl i have ever seen
",2024-11-23 11:29:41 UTC,2024-11-28 01:11:09 UTC,
15,Kabita,Bame the basuri,2024-11-24 05:22:59 UTC,2024-11-24 05:23:00 UTC,
16,Tesla,Tesla designed by Elon Mosk,2024-11-24 05:34:02 UTC,2024-11-24 05:34:02 UTC,
17,Tiny Giant,"This is my blog page for sharing your favourite place.
",2024-11-24 09:16:12 UTC,2024-11-25 09:44:08 UTC,
20,Sydney Trains,Sydney trains to go on strike form tomorrow,2024-11-24 12:10:01 UTC,2024-11-24 12:11:55 UTC,
21,Sunset,Chasing the sunset forever ,2024-11-24 12:11:25 UTC,2024-11-24 12:11:26 UTC,
22,Melbourne,Main land of Australia,2024-11-24 12:12:57 UTC,2024-11-24 12:12:58 UTC,
24,Nepal,Favourite place to visit ,2024-11-25 10:39:13 UTC,2024-11-27 10:23:02 UTC,
25,Rojina,Most beautiful girl,2024-11-27 10:28:10 UTC,2024-11-27 10:28:10 UTC,
